State/Territory/Federal Entity,Total Doses Delivered,Doses Delivered per 100K,18+ Doses Delivered per 100K,Total Doses Administered by State where Administered,Doses Administered per 100k by State where Administered,18+ Doses Administered by State where Administered,18+ Doses Administered per 100K by State where Administered,People with at least One Dose by State of Residence,Percent of Total Pop with at least One Dose by State of Residence,People 18+ with at least One Dose by State of Residence,Percent of 18+ Pop with at least One Dose by State of Residence,People Fully Vacci.ted by State of Residence,Percent of Total Pop Fully Vacci.ted by State of Residence,People 18+ Fully Vacci.ted by State of Residence,Percent of 18+ Pop Fully Vacci.ted by State of Residence,Total Number of Pfizer doses delivered,Total Number of Moder. doses delivered,Total Number of Janssen doses delivered,Total Number of doses from Other manufacturer delivered,Total Number of Janssen doses administered,Total Number of Moder. doses administered,Total Number of Pfizer doses adminstered,Total Number of doses from Other manufacturer administered,People Fully Vacci.ted Moder. Resident,People Fully Vacci.ted Pfizer Resident,People Fully Vacci.ted Janssen Resident,People Fully Vacci.ted Other 2-dose manufacturer Resident,People 18+ Fully Vacci.ted Moder. Resident,People 18+ Fully Vacci.ted Pfizer Resident,People 18+ Fully Vacci.ted Janssen Resident,People 18+ Fully Vacci.ted Other 2-dose manufacturer Resident,People with 2 Doses by State of Residence,Percent of Total Pop with 1+ Doses by State of Residence,People 18+ with 1+ Doses by State of Residence,Percent of 18+ Pop with 1+ Doses by State of Residence,Percent of Total Pop with 2 Doses by State of Residence,People 18+ with 2 Doses by State of Residence,Percent of 18+ Pop with 2 Doses by State of Residence,People with 1+ Doses by State of Residence,People 65+ with at least One Dose by State of Residence,Percent of 65+ Pop with at least One Dose by State of Residence,People 65+ Fully Vacci.ted by State of Residence,Percent of 65+ Pop Fully Vacci.ted by State of Residence,People 65+ Fully Vacci.ted_Moder._Resident,People 65+ Fully Vacci.ted_Pfizer_Resident,People 65+ Fully Vacci.ted_Janssen_Resident,People 65+ Fully Vacci.ted_Other 2-dose Manuf_Resident,65+ Doses Administered by State where Administered,Doses Administered per 100k of 65+ pop by State where Administered,Doses Delivered per 100k of 65+ pop,People 12+ with at least One Dose by State of Residence,Percent of 12+ Pop with at least One Dose by State of Residence,People 12+ Fully Vacci.ted by State of Residence,Percent of 12+ Pop Fully Vacci.ted by State of Residence,People 12+ Fully Vacci.ted_Moder._Resident,People 12+ Fully Vacci.ted_Pfizer_Resident,People 12+ Fully Vacci.ted_Janssen_Resident,People 12+ Fully Vacci.ted_Other 2-dose Manuf_Resident,12+ Doses Administered by State where Administered,Doses Administered per 100k of 12+ pop by State where Administered,Doses Delivered per 100k of 12+ pop,People 5+ with at least One Dose by State of Residence,Percent of 5+ Pop with at least One Dose by State of Residence,People 5+ Fully Vacci.ted by State of Residence,Percent of 5+ Pop Fully Vacci.ted by State of Residence,People 5+ Fully Vacci.ted_Moder._Resident,People 5+ Fully Vacci.ted_Pfizer_Resident,People 5+ Fully Vacci.ted_Janssen_Resident,People 5+ Fully Vacci.ted_Other 2-dose Manuf_Resident,5+ Doses Administered by State where Administered,Doses Administered per 100k of 5+ pop  by State where Administered,Doses Delivered per 100k of 5+ pop,People who have received a booster dose,Percent of fully vacci.ted people with booster doses,People 18+ who have received a booster dose,Percent of fully vacci.ted people 18+ with booster doses,People 50+ who have received a booster dose,Percent of fully vacci.ted people 50+ with booster doses,People 65+ who have received a booster dose,Percent of fully vacci.ted people 65+ with booster doses,People with Moder. booster dose,People with Pfizer booster dose,People with Janssen booster dose,People with booster dose of an Other manufacturer,Total Count People w/Booster Primary Pfizer Minus TX,Total Count People w/Booster Primary Moder. Minus TX,Total Count People w/Booster Primary J&J Minus TX,Total Count People w/Booster Primary Other Minus TX,Total Count People w/Booster Booster Pfizer Minus TX,Total Count People w/Booster Booster Moder. Minus TX,Total Count People w/Booster Booster J&J Minus TX,Total Count People w/Booster Booster Other Minus TX,Count People Primary Pfizer Booster Pfizer,Count People Primary Pfizer Booster Moder.,Count People Primary Pfizer Booster J&J,Count People Primary Pfizer Booster Uknown,Count People Primary Moder. Booster Pfizer,Count People Primary Moder. Booster Moder.,Count People Primary Moder. Booster J&J,Count People Primary Moder. Booster Uknown,Count People Primary J&J Booster Pfizer,Count People Primary J&J Booster Moder.,Count People Primary J&J Booster J&J,Count People Primary J&J Booster Other,Count People Primary Other Booster Pfizer,Count People Primary Other Booster Moder.,Count People Primary Other Booster J&J,Count People Primary Other Booster Other,Percent People Primary Pfizer Booster Pfizer,Percent People Primary Pfizer Booster Moder.,Percent People Primary Pfizer Booster J&J,Percent People Primary Pfizer Booster Other,Percent People Primary Moder. Booster Pfizer,Percent People Primary Moder. Booster Moder.,Percent People Primary Moder. Booster J&J,Percent People Primary Moder. Booster Other,Percent People Primary J&J Booster Pfizer,Percent People Primary J&J Booster Moder.,Percent People Primary J&J Booster J&J,Percent People Primary J&J Booster Other,Percent People Primary Other Booster Pfizer,Percent People Primary Other Booster Moder.,Percent People Primary Other Booster J&J,Percent People Primary Other Booster Uknown
United States,644652095,194167,249614,522482674,157370,478495432,185277,247695845,74.6,223673930,86.6,208182657,62.7,189434004,73.4,377143375,237709320,29799400,0,17863666,198923979,305145563,549466,73818931,117752799,16462565,148362,73736360,99121505,16433061,143078,.,74.6,.,86.6,59.1,177355060,68.7,247695845,56258707,95,48198643,88,22982839,22825485,2330033,60286,133643045,243910,1176540,239970777,84.6,203112198,71.6,73813488,112693300,16457959,147451,509632474,179752,227374,247651631,79.3,208172511,66.7,73815779,117748820,16459598,148314,522430417,167304,206444,77101175,37,76054640,40.1,50927159,51.8,29312906,60.8,34239443,41692999,1151727,17006,37991785,29736587,4007501,.,38875578,31851324,1069038,16852,35297352,2659414,27667,7352,2207242,27495054,28077,6214,1326671,1666706,1013081,1043,44313,30150,213,2243,92.9,7,0.1,0,7.4,92.5,0.1,0,33.1,41.6,25.3,0,57.6,39.2,0.3,2.9
Alaska,1357405,185553,246102,1043804,142685,948008,171877,480353,65.7,428111,77.6,415674,56.8,375308,68,747845,526160,83400,0,41559,405736,595640,869,151318,226983,37267,106,150918,187174,37116,100,.,65.7,.,77.6,52.4,343371,62.3,480353,85720,93.6,77318,84.4,42554,31212,3510,42,208326,227460,1482080,462083,75.9,404728,66.5,151313,216048,37261,106,1014528,166623,222936,480277,70.6,415660,61.1,151315,226977,37262,106,1043716,153383,199482,153809,37,151436,40.3,95981,54.9,50825,65.7,70599,81179,2009,22,.,.,.,.,.,.,.,.,.,.,.,.,.,.,.,.,.,.,.,.,.,.,.,.,.,.,.,.,.,.,.,.,.,.,.,.,.,.,.,.
Alabama,8622020,175845,226010,5761529,117506,5420610,142091,2908943,59.3,2711495,71.1,2361490,48.2,2224893,58.3,4556000,3673420,392600,0,166140,2520957,3074040,392,990226,1214403,156261,600,989741,1078381,156173,598,.,59.3,.,71.1,45.7,2104285,55.2,2908943,791662,93.2,679386,79.9,360843,282030,36122,391,1768338,208080,1014550,2863122,68.4,2341587,55.9,990209,1194527,156251,600,5694255,136002,205929,2908579,63.1,2361429,51.2,990222,1214354,156253,600,5761115,125002,187076,702664,29.8,697128,31.3,544757,41.5,348080,51.2,340678,349553,12380,53,.,.,.,.,.,.,.,.,.,.,.,.,.,.,.,.,.,.,.,.,.,.,.,.,.,.,.,.,.,.,.,.,.,.,.,.,.,.,.,.
Arkansas,5350500,177298,230859,3895013,129068,3581355,154525,1919888,63.6,1741630,75.1,1562108,51.8,1431171,61.8,2911240,2190560,248700,0,118150,1673671,2099431,3761,642520,809214,109244,1130,641378,680272,108708,813,.,63.6,.,75.1,48.9,1346670,58.1,1919888,487416,93,411650,78.6,230997,164636,15560,457,1121825,214137,1021320,1868509,73.1,1533533,60,642504,781060,109119,850,3815215,149192,209229,1918371,67.8,1561934,55.2,642509,809170,109126,1129,3893433,137609,189108,519035,33.2,513512,35.9,377982,47.4,238789,58,255588,254862,8175,410,.,.,.,.,.,.,.,.,.,.,.,.,.,.,.,.,.,.,.,.,.,.,.,.,.,.,.,.,.,.,.,.,.,.,.,.,.,.,.,.
American Samoa,84910,179165,270975,81168,171269,60434,192864,41508,87.6,30061,95,36006,76,26839,85.7,63610,20700,600,0,554,20202,60405,7,8889,26551,563,3,8870,17404,562,3,.,87.6,.,95,74.9,26317,84,41508,2990,91.2,2735,83.4,1148,1561,26,0,6499,198261,2590300,36475,95,32590,88.3,8888,23136,563,3,72659,196817,230002,41504,95,36006,83.5,8889,26551,563,3,81164,188272,196961,4209,11.7,4181,15.6,2294,23.5,876,32,1329,2880,0,0,.,.,.,.,.,.,.,.,.,.,.,.,.,.,.,.,.,.,.,.,.,.,.,.,.,.,.,.,.,.,.,.,.,.,.,.,.,.,.,.
Arizo.,13104880,180044,232419,10790409,148246,9865054,174959,4978661,68.4,4464380,79.2,4201920,57.7,3829292,67.9,7497560,5011620,595700,0,348658,4296555,6123521,21675,1577788,2299624,318509,5999,1577096,1928233,318059,5904,.,68.4,.,79.2,54.3,3577167,63.4,4978661,1260597,95,1098328,83.9,535417,510129,49562,3220,3135377,239592,1001420,4820381,77.7,4117337,66.3,1577743,2215345,318264,5985,10541499,169858,211163,4977908,72.7,4201628,61.3,1577770,2299585,318274,5999,10789505,157536,191342,1400264,33.3,1383402,36.1,968013,47,594104,54.1,623661,757463,18527,613,.,.,.,.,.,.,.,.,.,.,.,.,.,.,.,.,.,.,.,.,.,.,.,.,.,.,.,.,.,.,.,.,.,.,.,.,.,.,.,.
Bureau of Prisons,309910,.,.,284457,.,284455,.,136816,.,136814,.,129170,.,129169,.,158610,135200,16100,0,14113,123742,146570,32,50336,65395,13439,0,50336,65395,13438,0,.,.,.,.,0,117804,0,136816,3797,0,3595,0,1720,1680,195,0,9085,0,0,136814,0,129169,0,50336,65395,13438,0,284455,0,0,136814,0,129169,0,50336,65395,13438,0,284455,0,0,31179,24.1,31179,24.1,10802,37.8,1867,51.9,18178,12341,638,22,.,.,.,.,.,.,.,.,.,.,.,.,.,.,.,.,.,.,.,.,.,.,.,.,.,.,.,.,.,.,.,.,.,.,.,.,.,.,.,.
California,79693945,201694,260288,67991446,172077,61494157,200846,33309079,84.3,29715835,95,26491139,67,23749035,77.6,47476225,28618920,3598800,0,2230377,25742821,40002071,16177,9266680,15161260,2058495,4704,9240473,12453626,2050598,4338,.,84.3,.,95,63.4,22325755,72.9,33309079,6546336,95,5091604,87.2,2568350,2318889,202950,1415,14632291,250634,1365060,32170506,95,25752095,76.5,9265859,14423671,2057919,4646,66108936,196482,236858,33303315,89.7,26489899,71.3,9266333,15160740,2058122,4704,67984774,183107,214644,9891474,37.3,9729857,41,5816843,52.3,3085141,60.6,4453341,5275556,162143,434,.,.,.,.,.,.,.,.,.,.,.,.,.,.,.,.,.,.,.,.,.,.,.,.,.,.,.,.,.,.,.,.,.,.,.,.,.,.,.,.
Colorado,11205695,194586,249059,9725747,168887,8914008,198124,4341146,75.4,3910314,86.9,3847732,66.8,3491159,77.6,6567595,4158800,479300,0,326674,3806900,5584149,8024,1390434,2154547,300512,2239,1390088,1798605,300298,2168,.,75.4,.,86.9,63.4,3294833,73.2,4341146,875005,95,800921,95,380812,387737,31552,820,2238314,265703,1330190,4182014,84.7,3731591,75.6,1390383,2038491,300485,2232,9448821,191424,227017,4340697,80,3847673,70.9,1390420,2154526,300488,2239,9725262,179217,206498,1679861,43.7,1658274,47.5,996884,60.7,543279,67.8,773907,883885,21835,234,.,.,.,.,.,.,.,.,.,.,.,.,.,.,.,.,.,.,.,.,.,.,.,.,.,.,.,.,.,.,.,.,.,.,.,.,.,.,.,.
Connecticut,7797265,218700,274760,6870425,192703,6236846,219774,3225732,90.5,2885527,95,2690154,75.5,2418483,85.2,4490025,2973240,334000,0,239693,2626527,4002992,1213,921361,1543463,224890,440,920843,1272602,224705,333,.,90.5,.,95,71.1,2263263,79.8,3225732,720180,95,597175,94.8,234916,339856,22303,100,1726949,274013,1237180,3112294,95,2612319,84.1,921042,1466031,224809,437,6677670,214996,251043,3224397,95,2689713,79.5,921153,1543310,224811,439,6868672,203000,230444,1145442,42.6,1128856,46.7,762834,59.4,411952,69,550123,581477,13825,17,.,.,.,.,.,.,.,.,.,.,.,.,.,.,.,.,.,.,.,.,.,.,.,.,.,.,.,.,.,.,.,.,.,.,.,.,.,.,.,.
District of Columbia,1662315,235539,287806,1325093,187757,1250099,216437,636959,90.3,587454,95,481836,68.3,449460,77.8,1001255,592560,68500,0,34763,483758,806064,508,168154,275586,37746,350,168080,243341,37711,328,.,90.3,.,95,64.4,421992,73.1,636959,96035,95,77836,89.1,41487,33486,2780,83,239725,274464,1903200,616575,95,470554,77.2,168146,264332,37730,346,1299201,213070,272621,636862,95,481813,73,168148,275572,37743,350,1324956,200635,251721,144087,29.9,142011,31.6,70763,40.9,38971,50.1,61644,81335,1091,17,.,.,.,.,.,.,.,.,.,.,.,.,.,.,.,.,.,.,.,.,.,.,.,.,.,.,.,.,.,.,.,.,.,.,.,.,.,.,.,.
Dept of Defense,6316810,.,.,6971779,.,6565345,.,3901940,.,3673892,.,2897318,.,2728199,.,4034970,2071840,210000,0,310331,2330127,4309399,21922,903741,1716593,276741,243,903542,1547890,276529,238,.,.,.,.,0,2452456,0,3901940,335341,0,173030,0,59824,104005,9201,0,550226,0,0,3865315,0,2876646,0,903716,1695974,276713,243,6914378,0,0,3901773,0,2897254,0,903722,1716568,276721,243,6971560,0,0,1273,0,1269,0,158,0,33,0,435,828,10,0,.,.,.,.,.,.,.,.,.,.,.,.,.,.,.,.,.,.,.,.,.,.,.,.,.,.,.,.,.,.,.,.,.,.,.,.,.,.,.,.
Delaware,2057765,211321,267176,1621788,166548,1494972,194104,758379,77.9,692370,89.9,631345,64.8,579559,75.2,1169385,795980,92400,0,59028,629763,931101,1896,225120,350774,54854,597,224985,299192,54794,588,.,77.9,.,89.9,60.9,541351,70.3,758379,205020,95,175848,93.1,72535,93164,9832,317,494888,261976,1089310,737981,87.9,618260,73.6,225107,337714,54843,596,1587387,189018,245028,758230,82.5,631316,68.7,225109,350760,54850,597,1621615,176446,223903,235260,37.3,232861,40.2,175369,51.9,108268,61.6,103921,127350,3975,14,.,.,.,.,.,.,.,.,.,.,.,.,.,.,.,.,.,.,.,.,.,.,.,.,.,.,.,.,.,.,.,.,.,.,.,.,.,.,.,.
Florida,42958765,200015,249068,34496916,160617,32249456,186977,16222855,75.5,14999828,87,13732461,63.9,12792658,74.2,24992905,15662860,2303000,0,1411848,12853384,20109690,121994,4729549,7658865,1308587,35460,4727564,6723110,1306927,35057,.,75.5,.,87,59.2,11774088,68.3,16222855,4670444,95,4010362,89.2,1929896,1848938,211138,20390,11352566,252429,955204,15904012,85.1,13537206,72.4,4728777,7465276,1307753,35400,33969167,181692,229775,16214940,79.7,13730806,67.5,4728834,7658725,1307791,35456,34488060,169575,211224,4739638,34.5,4694525,36.7,3569618,47.9,2251008,56.1,2090620,2558329,86378,4311,.,.,.,.,.,.,.,.,.,.,.,.,.,.,.,.,.,.,.,.,.,.,.,.,.,.,.,.,.,.,.,.,.,.,.,.,.,.,.,.
Federated States of Micronesia,114700,112099,171902,85291,83357,82117,123070,49437,48.3,47364,71,43315,42.3,42238,63.3,20060,82440,12200,0,12800,69175,3308,8,30090,1264,11956,5,30085,215,11933,5,.,48.3,.,71,32,31671,47.5,49437,3688,76.6,3428,71.2,2335,15,1078,0,6521,135515,2383620,48904,61.8,43303,54.7,30089,1261,11948,5,84706,107030,144929,49432,53.3,43311,46.7,30090,1264,11952,5,85286,91882,123571,4120,9.5,4117,9.7,1593,12.6,444,13,3768,21,331,0,.,.,.,.,.,.,.,.,.,.,.,.,.,.,.,.,.,.,.,.,.,.,.,.,.,.,.,.,.,.,.,.,.,.,.,.,.,.,.,.
Georgia,19276655,181557,237586,13685923,128901,12644061,155839,6594760,62.1,6001309,74,5488523,51.7,5067584,62.5,11028695,7446660,801300,0,324448,5407025,7918321,36129,2076367,3097851,303638,10667,2075390,2679467,303172,9555,.,62.1,.,74,49.5,4834444,59.6,6594760,1405767,92.7,1230847,81.1,670527,523414,34588,2318,3335579,219887,1270750,6436285,71.6,5403253,60.1,2076286,3012843,303518,10606,13434914,149474,214469,6593118,66.2,5488281,55.1,2076314,3097750,303554,10663,13684078,137379,193524,1695747,30.9,1675877,33.1,1133125,42.9,624488,50.7,779025,895167,20464,1091,.,.,.,.,.,.,.,.,.,.,.,.,.,.,.,.,.,.,.,.,.,.,.,.,.,.,.,.,.,.,.,.,.,.,.,.,.,.,.,.
Guam,291260,172866,254278,298151,176956,263587,230119,142087,84.3,122827,95,128062,76,113147,95,189180,79580,22500,0,11829,95703,190558,61,38401,79082,10571,8,38385,64192,10562,8,.,84.3,.,95,70.2,103437,90.3,142087,17065,95,16040,95,6578,8882,576,4,42450,264305,1813460,137690,95,126158,95,38400,77180,10570,8,291771,222190,221801,142068,93,128061,83.8,38400,79082,10571,8,298131,195162,190664,35362,27.6,35140,31.1,21970,49.2,9587,59.8,13571,21117,674,0,.,.,.,.,.,.,.,.,.,.,.,.,.,.,.,.,.,.,.,.,.,.,.,.,.,.,.,.,.,.,.,.,.,.,.,.,.,.,.,.
Hawaii,3093020,218453,277151,2317627,163689,2115859,189592,1299592,91.8,1169125,95,914783,64.6,842071,75.5,1834260,1135360,123400,0,59425,759367,1404771,94064,289112,549009,58515,18147,288492,477101,58348,18130,.,91.8,.,95,60.8,788683,70.7,1299592,312757,95,243519,90.7,100572,130311,11218,1418,621310,231445,1152190,1252419,95,896837,74.1,289060,531162,58479,18136,2253573,186075,255387,1298435,95,914607,68.7,289065,548924,58481,18137,2317006,174125,232444,172530,18.9,171524,20.4,123974,27,80247,33,56826,113878,1800,26,.,.,.,.,.,.,.,.,.,.,.,.,.,.,.,.,.,.,.,.,.,.,.,.,.,.,.,.,.,.,.,.,.,.,.,.,.,.,.,.
Iowa,5867425,185968,241634,4725894,149787,4355787,179381,2069825,65.6,1876085,77.3,1877711,59.5,1714221,70.6,3357885,2228740,280800,0,172605,1893433,2659407,449,698061,1021403,157958,289,697847,858221,157867,286,.,65.6,.,77.3,56,1602458,66,2069825,542783,95,506381,91.6,266138,225729,14390,124,1425554,257807,1061110,2004209,74.9,1828455,68.3,698048,972164,157955,288,4610097,172258,219238,2069728,69.9,1877703,63.4,698057,1021401,157956,289,4725801,159686,198262,886859,47.2,876788,51.1,621003,64.5,378244,74.7,414711,460153,11979,16,.,.,.,.,.,.,.,.,.,.,.,.,.,.,.,.,.,.,.,.,.,.,.,.,.,.,.,.,.,.,.,.,.,.,.,.,.,.,.,.
Idaho,3019730,168977,225544,2059418,115240,2057428,153670,939975,52.6,935969,69.9,831706,46.5,829003,61.9,1699270,1168160,152300,0,80844,849418,1126143,3013,317262,437933,75796,715,317235,435288,75774,706,.,52.6,.,69.9,43.2,769422,57.5,939975,270681,93.1,246923,84.9,113477,121149,11996,301,668787,230085,1038890,0,0,0,0,0,0,0,0,0,0,0,0,0,0,0,0,0,0,0,0,0,0,338344,40.7,338303,40.8,244556,53.3,153715,62.3,148708,184687,4881,68,.,.,.,.,.,.,.,.,.,.,.,.,.,.,.,.,.,.,.,.,.,.,.,.,.,.,.,.,.,.,.,.,.,.,.,.,.,.,.,.
Indian Health Svc,2637335,126624,.,2061557,98979,1845397,.,1040305,49.9,918875,.,827795,39.7,736284,.,1341015,1194220,102100,0,38306,981695,1041388,168,382384,408534,36871,6,382055,317417,36806,6,.,49.9,.,.,38.2,703209,0,1040305,173549,0,137013,0,77188,56421,3403,1,374447,0,0,1005594,0,806916,0,382302,387760,36848,6,2005888,0,0,1039981,0,827649,0,382313,408481,36849,6,2061059,0,0,208419,25.2,205580,27.9,130703,36.7,61060,44.6,102723,104285,1293,118,.,.,.,.,.,.,.,.,.,.,.,.,.,.,.,.,.,.,.,.,.,.,.,.,.,.,.,.,.,.,.,.,.,.,.,.,.,.,.,.
Illinois,24407225,192610,247690,20473069,161564,18531067,188057,9339463,73.7,8297202,84.2,8237535,65,7383359,74.9,14807205,8455320,1144700,0,658469,7378143,12409607,26850,2740009,4877739,611333,8454,2732264,4034132,608713,8250,.,73.7,.,84.2,61.7,6969283,70.7,9339463,1954015,95,1776303,86.9,791026,898033,83593,3651,4910112,240311,1194540,8955108,82.6,7967285,73.5,2739894,4607664,611274,8453,19814447,182827,225205,9338637,78.3,8237327,69.1,2739911,4877685,611277,8454,20472112,171676,204675,3497616,42.5,3444934,46.7,2231426,59.6,1253835,70.6,1485883,1966509,44185,1039,.,.,.,.,.,.,.,.,.,.,.,.,.,.,.,.,.,.,.,.,.,.,.,.,.,.,.,.,.,.,.,.,.,.,.,.,.,.,.,.
India.,11578930,171993,224213,8717518,129490,8079542,156452,3948124,58.6,3597344,69.7,3529617,52.4,3264369,63.2,6934130,4068700,576100,0,294910,3185246,5209505,27857,1222032,2026219,273417,7949,1221689,1761736,273124,7820,.,58.6,.,69.7,49.4,3062628,59.3,3948124,992098,91.4,930735,85.7,455579,440773,30594,3789,2536395,233609,1066450,3838624,67.3,3469649,60.8,1222005,1966331,273391,7922,8549571,149860,202960,3947873,62.5,3529570,55.9,1222023,2026197,273401,7949,8717224,138064,183389,1355552,38.4,1336210,40.9,949874,51.8,573545,61.6,542366,794409,18102,675,.,.,.,.,.,.,.,.,.,.,.,.,.,.,.,.,.,.,.,.,.,.,.,.,.,.,.,.,.,.,.,.,.,.,.,.,.,.,.,.
Kansas,5368725,184282,242592,4182762,143574,3815041,172387,2050773,70.4,1849332,83.6,1679349,57.6,1523827,68.9,3066565,2051060,251100,0,129839,1607286,2442144,3493,609620,950323,118767,639,609237,795401,118637,552,.,70.4,.,83.6,54.6,1434633,64.8,2050773,517089,95,420438,88.4,200110,201840,18227,261,1162643,244516,1129100,1985924,81,1637934,66.8,609596,908962,118747,629,4076611,166277,218980,2050639,75.2,1679330,61.6,609612,950317,118762,639,4182618,153323,196802,613242,36.5,603876,39.6,416825,51.1,253360,60.3,271487,332785,8824,146,.,.,.,.,.,.,.,.,.,.,.,.,.,.,.,.,.,.,.,.,.,.,.,.,.,.,.,.,.,.,.,.,.,.,.,.,.,.,.,.
Kentucky,7798545,174555,225079,6027607,134916,5594457,161465,2824685,63.2,2589098,74.7,2444366,54.7,2256033,65.1,4241465,3182780,374300,0,226418,2495233,3303799,2157,947140,1291740,203883,1603,946781,1103989,203738,1525,.,63.2,.,74.7,51.3,2104286,60.7,2824685,713512,95,635082,84.6,290156,305823,38319,784,1707728,227526,1039030,2752308,72.3,2395699,62.9,947031,1243218,203852,1598,5905475,155155,204892,2824324,67.3,2444320,58.3,947131,1291726,203861,1602,6026527,143658,185898,935213,38.3,926056,41,668317,52.7,398808,62.8,428178,487119,19797,119,.,.,.,.,.,.,.,.,.,.,.,.,.,.,.,.,.,.,.,.,.,.,.,.,.,.,.,.,.,.,.,.,.,.,.,.,.,.,.,.
Louisia.,7348060,158064,206339,5782790,124393,5423101,152285,2706533,58.2,2500333,70.2,2360833,50.8,2212597,62.1,4117340,2913120,317600,0,188971,2383541,3207395,2883,931842,1256976,170982,1033,931320,1109464,170794,1019,.,58.2,.,70.2,47.9,2080173,58.4,2706533,667758,90.1,630069,85,299436,308226,22199,208,1670431,225423,991612,2659995,67.8,2340314,59.7,931815,1236514,170955,1030,5716383,145703,187292,2706315,62.3,2360768,54.3,931828,1256945,170962,1033,5782508,133013,169025,799470,33.9,793098,35.8,595508,47.7,366305,58.1,352734,435796,10911,29,.,.,.,.,.,.,.,.,.,.,.,.,.,.,.,.,.,.,.,.,.,.,.,.,.,.,.,.,.,.,.,.,.,.,.,.,.,.,.,.
Massachusetts,15228550,220944,274898,13402874,194456,12158090,219472,6366117,92.4,5693249,95,5193154,75.3,4653409,84,8883450,5742600,602500,0,390095,5294642,7717712,425,1845839,2974402,372733,180,1840485,2441278,371485,161,.,92.4,.,95,71.9,4415518,79.7,6366117,1365972,95,1087853,93,492020,522201,73565,67,3090069,264259,1302330,6109023,95,5004807,83.2,1845803,2786121,372704,179,12957193,215352,253103,6365805,95,5193126,79.5,1845830,2974388,372728,180,13402606,205085,233026,2217378,42.7,2180038,46.8,1335967,57.1,710206,65.3,1082676,1112394,22300,8,.,.,.,.,.,.,.,.,.,.,.,.,.,.,.,.,.,.,.,.,.,.,.,.,.,.,.,.,.,.,.,.,.,.,.,.,.,.,.,.
Maryland,13880760,229598,294646,10726222,177420,9670364,205272,4934853,81.6,4376620,92.9,4299714,71.1,3844360,81.6,8514640,4772320,593800,0,349979,3939839,6421664,14740,1462517,2517337,316043,3817,1461955,2063117,315709,3579,.,81.6,.,92.9,68,3655581,77.6,4934853,983714,95,888809,92.6,424208,409090,54444,1067,2434752,253780,1446820,4741662,91.8,4164025,80.7,1462451,2381884,315905,3785,10396664,201373,268857,4934279,86.8,4299602,75.6,1462485,2517297,316005,3815,10725555,188706,244219,1781251,41.4,1743644,45.4,1126359,58.2,605969,68.2,778333,972495,30104,319,.,.,.,.,.,.,.,.,.,.,.,.,.,.,.,.,.,.,.,.,.,.,.,.,.,.,.,.,.,.,.,.,.,.,.,.,.,.,.,.
Maine,3018770,224575,275594,2580417,191965,2374657,216790,1169931,87,1064697,95,1028882,76.5,937271,85.6,1688350,1179420,151000,0,140121,1056875,1380470,2951,373444,525483,129340,615,373365,434081,129261,564,.,87,.,95,70.1,851262,77.7,1169931,320558,95,278910,95,126997,127192,24481,240,783620,274699,1058230,1129489,95,996038,84.1,373425,492682,129318,613,2506892,211563,254762,1169806,91.3,1028850,80.3,373437,525477,129321,615,2580280,201478,235717,495109,48.1,487598,52,346524,63.5,201515,72.3,234003,250952,9596,558,.,.,.,.,.,.,.,.,.,.,.,.,.,.,.,.,.,.,.,.,.,.,.,.,.,.,.,.,.,.,.,.,.,.,.,.,.,.,.,.
Marshall Islands,68980,88731,145132,48983,63008,45422,95567,26344,33.9,24413,51.4,23120,29.7,21646,45.5,9180,47700,12100,0,2590,42732,3659,2,19012,1531,2576,1,18976,102,2567,1,.,33.9,.,51.4,26.4,19095,40.2,26344,1388,37.2,1235,33.1,1121,1,113,0,2698,72294,1848340,26172,45.6,23071,40.2,19004,1493,2573,1,48758,84990,120239,26332,38.1,23113,33.4,19007,1530,2575,1,48965,70761,99685,1760,7.6,1757,8.1,689,13.3,181,14.7,1744,11,5,0,.,.,.,.,.,.,.,.,.,.,.,.,.,.,.,.,.,.,.,.,.,.,.,.,.,.,.,.,.,.,.,.,.,.,.,.,.,.,.,.
Michigan,18705160,187298,238497,14323849,143427,13248828,168927,6412573,64.2,5845642,74.5,5731419,57.4,5258763,67.1,10481640,7310220,913300,0,448887,5624623,8248332,2007,2102023,3218785,409583,1028,2101267,2747285,409268,943,.,64.2,.,74.5,54.6,4983657,63.5,6412573,1674556,94.9,1528441,86.6,763876,693639,70351,575,4183567,236975,1059540,6215815,72.3,5588514,65,2101963,3075974,409554,1023,13985151,162713,217628,6412208,68.1,5731366,60.8,2102003,3218767,409569,1027,14323450,152047,198560,2573833,44.9,2542503,48.3,1795193,59.5,1062006,69.5,1141740,1390666,41355,72,.,.,.,.,.,.,.,.,.,.,.,.,.,.,.,.,.,.,.,.,.,.,.,.,.,.,.,.,.,.,.,.,.,.,.,.,.,.,.,.
Minnesota,11295400,200286,260474,9379946,166322,8490670,195797,4073743,72.2,3612787,83.3,3729407,66.1,3328808,76.8,6837940,3963560,493900,0,348002,3447516,5581183,3245,1269731,2137514,321069,1093,1267456,1739752,320551,1049,.,72.2,.,83.3,63.1,3156062,72.8,4073743,932236,95,873216,94.9,367606,455039,50279,292,2444918,265642,1227250,3890508,81.4,3588374,75.1,1269699,1996543,321051,1081,9056921,189551,236400,4073361,77,3729355,70.5,1269724,2137484,321054,1093,9379527,177373,213604,1857588,49.8,1830515,55,1189309,67.8,677780,77.6,765066,1066122,26143,257,.,.,.,.,.,.,.,.,.,.,.,.,.,.,.,.,.,.,.,.,.,.,.,.,.,.,.,.,.,.,.,.,.,.,.,.,.,.,.,.
Missouri,10372205,168999,217591,8254911,134501,7644190,160362,3874276,63.1,3540417,74.3,3282375,53.5,3020182,63.4,6111405,3846500,414300,0,241380,3005125,5006097,2309,1129796,1922641,229325,613,1129322,1661337,229064,459,.,63.1,.,74.3,50.8,2853552,59.9,3874276,999161,94.1,876573,82.5,399253,437607,39551,162,2408377,226770,976633,3768097,72,3212571,61.4,1129781,1852889,229297,604,8078125,154289,198105,3873963,67.1,3282338,56.9,1129784,1922632,229309,613,8254575,143076,179781,1182673,36,1170990,38.8,842372,49.7,525043,59.9,492710,675266,14649,48,.,.,.,.,.,.,.,.,.,.,.,.,.,.,.,.,.,.,.,.,.,.,.,.,.,.,.,.,.,.,.,.,.,.,.,.,.,.,.,.
Northern Maria. Islands,115130,222040,319141,99228,191371,81635,226292,43939,84.7,34711,95,41205,79.5,33071,91.7,87110,24720,3300,0,1249,13763,84216,0,5069,35024,1112,0,5068,26891,1112,0,.,84.7,.,95,77.7,32157,89.1,43939,3146,83.8,3044,81.1,491,2438,115,0,8035,214038,3066860,39947,94.5,38001,89.9,5069,31820,1112,0,92030,217616,272239,43936,91.3,41205,85.7,5069,35024,1112,0,99225,206280,239346,15242,37,15004,45.4,7757,58.6,1968,64.7,3226,11876,140,0,.,.,.,.,.,.,.,.,.,.,.,.,.,.,.,.,.,.,.,.,.,.,.,.,.,.,.,.,.,.,.,.,.,.,.,.,.,.,.,.
Mississippi,4901495,164693,215208,3534549,118763,3304951,145109,1679974,56.4,1549982,68.1,1453498,48.8,1354953,59.5,2726835,1956760,217900,0,87401,1440052,2004790,2306,565516,806077,81119,786,565182,707984,81023,764,.,56.4,.,68.1,46.7,1291779,56.7,1679974,436999,89.8,399565,82.1,203922,177855,17413,375,1055960,216966,1007100,1653741,65.6,1439602,57.1,565501,792211,81104,786,3494159,138579,194394,1679834,60.2,1453469,52,565508,806067,81108,786,3534393,126560,175513,442030,30.4,439790,32.5,348995,44.2,217813,54.5,211055,224266,6367,342,.,.,.,.,.,.,.,.,.,.,.,.,.,.,.,.,.,.,.,.,.,.,.,.,.,.,.,.,.,.,.,.,.,.,.,.,.,.,.,.
Monta.,1796355,168076,213803,1466480,137211,1362807,162202,668476,62.5,612130,72.9,581428,54.4,536823,63.9,960895,731860,103600,0,58231,622154,784263,1832,230538,297732,52728,430,230407,253330,52663,423,.,62.5,.,72.9,50.7,497253,59.2,668476,193158,93.6,174175,84.4,83624,80458,9888,205,477906,231502,870171,649531,70.8,568591,62,230517,284922,52722,430,1434660,156350,195767,668367,66.3,581401,57.7,230522,297726,52723,430,1466335,145524,178277,243181,41.8,241151,44.9,175586,56.2,113078,64.9,115888,122712,4298,283,.,.,.,.,.,.,.,.,.,.,.,.,.,.,.,.,.,.,.,.,.,.,.,.,.,.,.,.,.,.,.,.,.,.,.,.,.,.,.,.
North Caroli.,19597200,186852,239359,15328073,146148,14090621,172102,8228694,78.5,7536806,92.1,6012925,57.3,5503747,67.2,11380940,7313360,902900,0,496139,5740316,9090705,913,2109292,3439154,464343,136,2106211,2934497,462906,133,.,78.5,.,92.1,53.6,5113854,62.5,8228694,2110560,95,1487690,85,715193,719051,53384,62,4148136,236888,1119140,8004723,89.1,5872335,65.4,2109177,3298703,464319,136,14955551,166441,218098,8227709,83.3,6012592,60.9,2109236,3438894,464326,136,15326781,155156,198386,1329808,22.1,1312162,23.8,915795,30.9,535836,36,588084,717943,23769,12,.,.,.,.,.,.,.,.,.,.,.,.,.,.,.,.,.,.,.,.,.,.,.,.,.,.,.,.,.,.,.,.,.,.,.,.,.,.,.,.
North Dakota,1231960,161661,211717,1033251,135586,956138,164316,479486,62.9,439330,75.5,404900,53.1,373010,64.1,702980,476980,52000,0,38645,389615,604675,316,142040,227452,35403,5,141831,195920,35254,5,.,62.9,.,75.5,49.8,347378,59.7,479486,119796,95,101495,84.7,47772,49374,4348,1,287793,240138,1027960,465237,73,395033,62,142034,217597,35397,5,1006712,157979,193326,479411,67.7,404888,57.2,142036,227448,35399,5,1033164,145935,174015,154925,38.3,153898,41.3,108011,55.2,66960,66,68611,84008,2303,3,.,.,.,.,.,.,.,.,.,.,.,.,.,.,.,.,.,.,.,.,.,.,.,.,.,.,.,.,.,.,.,.,.,.,.,.,.,.,.,.
Nebraska,3551410,183592,243525,2929795,151457,2669055,183021,1299356,67.2,1162244,79.7,1169950,60.5,1055697,72.4,2155350,1247760,148300,0,90377,1066476,1767233,5709,404588,678726,85158,1478,404396,564821,85073,1407,.,67.2,.,79.7,57.7,1001153,68.7,1299356,302938,95,282931,90.6,137559,137649,6837,886,799557,255893,1136600,1252473,77.4,1136233,70.3,404554,645074,85136,1469,2848724,176129,219574,1299106,72,1169894,64.9,404568,678705,85143,1478,2929482,162431,196915,508416,43.5,500238,47.4,334300,60.7,199048,70.4,202286,300700,5144,286,.,.,.,.,.,.,.,.,.,.,.,.,.,.,.,.,.,.,.,.,.,.,.,.,.,.,.,.,.,.,.,.,.,.,.,.,.,.,.,.
New Hampshire,3045930,224013,275785,2463765,181198,2269091,205448,1380006,95,1278340,95,921613,67.8,848849,76.9,1792390,1083740,169800,0,110403,925393,1427890,79,335906,503887,81728,92,335645,431448,81670,86,.,95,.,95,62.5,777679,70.4,1380006,404937,95,235238,92.7,97306,120779,17114,39,678191,267147,1199830,1346363,95,902173,75.3,335799,484581,81701,92,2410893,201148,254131,1379075,95,921393,71.1,335801,503798,81702,92,2462577,190000,235009,147642,16,145797,17.2,96950,19.8,49452,21,69837,74356,3439,10,.,.,.,.,.,.,.,.,.,.,.,.,.,.,.,.,.,.,.,.,.,.,.,.,.,.,.,.,.,.,.,.,.,.,.,.,.,.,.,.
New Jersey,19597915,220643,282244,15416245,173564,14020669,201922,7577179,85.3,6810492,95,6335897,71.3,5724008,82.4,11666215,7016600,915100,0,540080,5905788,8969176,1201,2231860,3606023,497482,532,2231149,2995211,497141,507,.,85.3,.,95,67.3,5368081,77.3,7577179,1572706,95,1330347,90.2,619393,619030,91754,170,3564321,241561,1328190,7329839,95,6170542,81,2231796,3440822,497395,529,15009853,197022,257245,7576248,90.5,6335780,75.7,2231828,3605995,497425,532,15415290,184228,234215,2383997,37.6,2346421,41,1517961,52,807615,60.7,1067054,1267237,49681,25,.,.,.,.,.,.,.,.,.,.,.,.,.,.,.,.,.,.,.,.,.,.,.,.,.,.,.,.,.,.,.,.,.,.,.,.,.,.,.,.
New Mexico,3988905,190235,246078,3519960,167871,3205211,197732,1716525,81.9,1530905,94.4,1403771,66.9,1261071,77.8,2241365,1563040,184500,0,112673,1444614,1955197,7476,538957,758109,104692,2013,538536,616015,104538,1982,.,81.9,.,94.4,63.4,1186881,73.2,1716525,409851,95,344703,91.3,161375,161369,20948,1011,936343,247968,1056370,1656657,92.7,1365989,76.4,538917,720383,104676,2013,3427763,191770,223164,1716341,86.9,1403722,71,538941,758085,104683,2013,3519757,178140,201884,583406,41.6,576157,45.7,383641,56.9,220239,63.9,249912,324970,8433,91,.,.,.,.,.,.,.,.,.,.,.,.,.,.,.,.,.,.,.,.,.,.,.,.,.,.,.,.,.,.,.,.,.,.,.,.,.,.,.,.
Nevada,5304920,172229,222194,4444455,144293,4112726,172260,2181733,70.8,1994672,83.5,1760380,57.2,1626224,68.1,3229240,1822280,253400,0,179223,1548380,2716342,510,584174,1009181,166968,57,584071,875178,166920,55,.,70.8,.,83.5,52.8,1492600,62.5,2181733,485778,95,404453,81.5,186719,192034,25668,32,1116154,225044,1069600,2135147,81.4,1733158,66.1,584170,981967,166964,57,4369367,166655,202339,2181677,75.4,1760368,60.8,584170,1009176,166965,57,4444387,153542,183271,570188,32.4,564455,34.7,391978,47.3,231225,57.2,238771,321411,10006,0,.,.,.,.,.,.,.,.,.,.,.,.,.,.,.,.,.,.,.,.,.,.,.,.,.,.,.,.,.,.,.,.,.,.,.,.,.,.,.,.
New York State,41064765,211091,266218,35374426,181840,32470669,210503,16671069,85.7,15098448,95,14144826,72.7,12882189,83.5,24781665,14465900,1817200,0,1364563,12945621,21047807,16435,4828742,8096950,1214740,4394,4826112,6838351,1213746,3980,.,85.7,.,95,68.1,11986201,77.7,16671069,3398780,95,2935189,89,1385947,1362899,184694,1649,8074178,244958,1245840,16140763,95,13790154,82.2,4828151,7743165,1214551,4287,34490683,205629,244823,16669335,91,14144421,77.2,4828625,8096787,1214633,4376,35372190,193011,224072,5160345,36.5,5088576,39.5,3286419,51.8,1797624,61.2,2289464,2782836,87764,281,.,.,.,.,.,.,.,.,.,.,.,.,.,.,.,.,.,.,.,.,.,.,.,.,.,.,.,.,.,.,.,.,.,.,.,.,.,.,.,.
Ohio,20676815,176890,226941,16419073,140465,15212314,166965,7161263,61.3,6530355,71.7,6529382,55.9,6001355,65.9,11971735,7751480,953600,0,601985,6299857,9498182,19049,2326875,3662091,535390,5026,2326273,3135022,535144,4916,.,61.3,.,71.7,52.8,5645918,62,7161263,1872407,91.5,1766102,86.3,798128,875044,90472,2458,4864206,237705,1010440,6945470,69.4,6370210,63.7,2326857,3502950,535378,5025,16039986,160389,206754,7161033,65.1,6529353,59.4,2326868,3662075,535384,5026,16418830,149286,188001,2970998,45.5,2933608,48.9,2056869,59.9,1223112,69.3,1292315,1626849,51362,472,.,.,.,.,.,.,.,.,.,.,.,.,.,.,.,.,.,.,.,.,.,.,.,.,.,.,.,.,.,.,.,.,.,.,.,.,.,.,.,.
Oklahoma,6519860,164769,216986,5443727,137573,5045225,167909,2660518,67.2,2441080,81.2,2139011,54.1,1968896,65.5,3511300,2687760,320800,0,145880,2214029,3082620,1198,820937,1182212,135659,203,820657,1012496,135565,178,.,67.2,.,81.2,51.3,1860133,61.9,2660518,662345,95,537835,84.7,272841,244598,20350,46,1502409,236551,1026540,2602969,78.3,2102416,63.2,820916,1145656,135642,202,5349104,160865,196073,2660275,71.9,2138964,57.8,820919,1182197,135645,203,5443447,147063,176144,694329,32.5,687612,34.9,499820,47.3,311008,57.8,322484,362349,9468,28,.,.,.,.,.,.,.,.,.,.,.,.,.,.,.,.,.,.,.,.,.,.,.,.,.,.,.,.,.,.,.,.,.,.,.,.,.,.,.,.
Oregon,8911935,211297,265935,6991922,165774,6408884,191243,3151688,74.7,2844485,84.9,2824861,67,2569016,76.7,5106615,3350220,455100,0,263674,2623443,4092500,12305,978629,1601839,240272,4121,975744,1349887,239446,3939,.,74.7,.,84.9,62.9,2399174,71.6,3151688,742290,95,684829,89.4,309360,322283,52023,1163,1855764,242242,1163320,3042534,83.4,2746860,75.3,978625,1523851,240269,4115,6803056,186499,244312,3151608,79,2824853,70.8,978628,1601833,240271,4121,6991840,175237,223361,1201413,42.5,1184941,46.1,766467,58.8,470865,68.8,526678,655618,18754,363,.,.,.,.,.,.,.,.,.,.,.,.,.,.,.,.,.,.,.,.,.,.,.,.,.,.,.,.,.,.,.,.,.,.,.,.,.,.,.,.
Pennsylvania,26816615,209472,263752,20725462,161893,19115306,188006,10234930,79.9,9362373,92.1,8276370,64.6,7595380,74.7,15194455,10140860,1481300,0,698596,8075131,11950385,1350,3015293,4565929,694532,616,3013056,3887739,694012,573,.,79.9,.,92.1,59.4,6925080,68.1,10234930,2639417,95,2184871,91.3,1027578,1068865,88150,278,6001317,250748,1120460,9935855,89.7,8069738,72.8,3015105,4359564,694454,615,20211903,182393,241994,10233289,84.5,8275887,68.4,3015176,4565614,694481,616,20723385,171210,221550,2893932,35,2853121,37.6,2059655,48.2,1256732,57.5,1297662,1586649,9578,43,.,.,.,.,.,.,.,.,.,.,.,.,.,.,.,.,.,.,.,.,.,.,.,.,.,.,.,.,.,.,.,.,.,.,.,.,.,.,.,.
Puerto Rico,6795770,212787,259285,6077000,190281,5484001,209236,2875767,90,2549554,95,2479875,77.6,2222050,84.8,4158730,2424540,212500,0,146630,2378988,3550833,549,925557,1416724,137485,109,925130,1159540,137311,69,.,90,.,95,74.6,2124895,81.1,2875767,680814,95,586577,86.3,289964,273224,23373,16,1547372,227670,999884,2763177,95,2409311,84.6,925488,1346282,137434,107,5892920,206893,238591,2874971,93.5,2479677,80.6,925502,1416624,137442,109,6076042,197517,220914,804277,32.4,797535,35.9,526696,45.6,291268,49.7,340110,456569,7590,8,.,.,.,.,.,.,.,.,.,.,.,.,.,.,.,.,.,.,.,.,.,.,.,.,.,.,.,.,.,.,.,.,.,.,.,.,.,.,.,.
Rhode Island,2365295,223276,276686,2013925,190108,1843522,215650,967000,91.3,869147,95,821370,77.5,740503,86.6,1379255,899040,87000,0,63065,772646,1176791,1423,282487,480593,57946,344,282372,399870,57919,342,.,91.3,.,95,74.4,707688,82.8,967000,210562,95,183592,95,82695,94142,6629,126,515123,275399,1264550,930211,95,794267,85.6,282478,453501,57945,343,1959017,211217,255021,966916,95,821362,81.7,282483,480591,57945,343,2013834,200413,235390,385363,46.9,379157,51.2,248094,64,134860,73.5,169540,211514,4286,23,.,.,.,.,.,.,.,.,.,.,.,.,.,.,.,.,.,.,.,.,.,.,.,.,.,.,.,.,.,.,.,.,.,.,.,.,.,.,.,.
Republic of Palau,39490,183401,238135,39001,181130,35209,212320,18815,87.4,16841,95,16749,77.8,14923,90,8490,27200,3800,0,2337,30765,5885,14,12090,2310,2342,7,12090,484,2342,7,.,87.4,.,95,69.2,13072,78.8,18815,1800,90.4,1734,87,1485,22,227,0,4318,216767,1982430,18193,95,16219,87,12090,1780,2342,7,37852,203014,211799,18814,92.3,16748,82.2,12090,2309,2342,7,38999,191425,193835,6081,36.3,6081,40.7,2909,50.8,1071,61.8,6071,10,0,0,.,.,.,.,.,.,.,.,.,.,.,.,.,.,.,.,.,.,.,.,.,.,.,.,.,.,.,.,.,.,.,.,.,.,.,.,.,.,.,.
South Caroli.,9310125,180824,230590,6906244,134135,6448754,159720,3287311,63.8,3031103,75.1,2765781,53.7,2568405,63.6,5089205,3782920,438000,0,220529,2714397,3969265,2053,1007354,1559825,198250,352,1005284,1365120,197651,350,.,63.8,.,75.1,50.9,2422273,60,3287311,932514,95,799995,85.4,342050,427053,30688,204,2180825,232740,993586,3213835,72.7,2721083,61.6,1007234,1515291,198206,352,6790636,153635,210638,3286133,67.7,2765245,56.9,1007279,1559406,198208,352,6904504,142178,191714,954453,34.5,945289,36.8,720545,47.8,460356,57.5,411907,523108,18980,458,.,.,.,.,.,.,.,.,.,.,.,.,.,.,.,.,.,.,.,.,.,.,.,.,.,.,.,.,.,.,.,.,.,.,.,.,.,.,.,.
South Dakota,1653505,186909,247695,1292155,146062,1183613,177305,637997,72.1,576912,86.4,511529,57.8,466678,69.9,902425,664080,87000,0,39205,510034,742783,133,190506,283739,37251,33,190437,238987,37221,33,.,72.1,.,86.4,54.5,437252,65.5,637997,171105,95,139436,91.8,69411,65110,4895,20,379606,249953,1088760,617678,83.7,497903,67.5,190504,270120,37246,33,1257851,170417,224022,637956,77.5,511520,62.1,190504,283736,37247,33,1292111,156906,200792,186739,36.5,184904,39.6,134939,51.5,83923,60.2,86115,98374,2242,8,.,.,.,.,.,.,.,.,.,.,.,.,.,.,.,.,.,.,.,.,.,.,.,.,.,.,.,.,.,.,.,.,.,.,.,.,.,.,.,.
Tennessee,11464260,167872,215529,9119325,133535,8555208,160839,4055834,59.4,3752519,70.5,3539140,51.8,3301034,62.1,6664780,4304580,494900,0,250960,3505560,5315727,47078,1275192,2029151,224191,10606,1274615,1792037,223908,10474,.,59.4,.,70.5,49.4,3138470,59,4055834,1035205,90.5,948230,82.9,471059,436316,35240,5615,2697869,235953,1002650,3970881,68,3482725,59.7,1275153,1972865,224141,10566,8976067,153817,196455,4055222,63.2,3539013,55.1,1275175,2029081,224153,10604,9118575,142021,178555,1342158,37.9,1329588,40.3,962336,51.8,589615,62.2,574644,746878,18241,2395,.,.,.,.,.,.,.,.,.,.,.,.,.,.,.,.,.,.,.,.,.,.,.,.,.,.,.,.,.,.,.,.,.,.,.,.,.,.,.,.
Texas,54851015,189168,253986,41752080,143993,37524182,173755,19692875,67.9,17385296,80.5,16708563,57.6,15018454,69.5,32618595,19671120,2561300,0,1468078,15613477,24666790,3735,5906943,9518450,1282487,683,5902456,7834535,1280827,636,.,67.9,.,80.5,54.2,14031300,65,19692875,3546504,95,3159375,84.6,1506738,1478177,174203,257,8662186,231967,1468870,19028703,79,16336163,67.8,5906256,9147149,1282096,662,40667005,168735,227587,19688064,72.9,16707345,61.9,5906436,9517996,1282230,683,41746104,154587,203114,5220904,31.2,5144595,34.3,3292797,46.9,1778022,56.3,2360086,2778517,82146,155,.,.,.,.,.,.,.,.,.,.,.,.,.,.,.,.,.,.,.,.,.,.,.,.,.,.,.,.,.,.,.,.,.,.,.,.,.,.,.,.
Utah,5594850,174514,245952,4616351,143993,4075344,179154,2180456,68,1884313,82.8,1903749,59.4,1670803,73.4,3419490,1941560,233800,0,172127,1644243,2799681,300,635815,1106995,160929,10,635372,874690,160731,10,.,68,.,82.8,55.7,1553177,68.3,2180456,367629,95,331293,90.5,142188,172649,16455,1,913104,249569,1529180,2083596,80.4,1843348,71.1,635760,1046691,160887,10,4458262,171984,215829,2180014,73.7,1903657,64.4,635793,1106954,160900,10,4615832,156038,189133,621729,32.7,615051,36.8,368627,53,210788,63.6,249138,364061,8529,1,.,.,.,.,.,.,.,.,.,.,.,.,.,.,.,.,.,.,.,.,.,.,.,.,.,.,.,.,.,.,.,.,.,.,.,.,.,.,.,.
Virginia,17631865,206571,264161,14899136,174555,13456733,201609,6848924,80.2,6096371,91.3,5862463,68.7,5239715,78.5,10722965,6147500,761400,0,479458,5354802,9056798,8078,1945952,3482244,431184,3083,1940253,2867772,428923,2767,.,80.2,.,91.3,65.4,4959961,74.3,6848924,1411083,95,1224583,90.1,571398,580585,71684,916,3448888,253799,1297500,6574258,90,5662737,77.5,1945733,3283637,430382,2985,14415619,197286,241302,6847438,85.3,5862013,73,1945816,3482027,431089,3081,14897274,185519,219574,2369316,40.4,2323989,44.4,1497194,57,832029,67.9,1028970,1302464,37523,359,.,.,.,.,.,.,.,.,.,.,.,.,.,.,.,.,.,.,.,.,.,.,.,.,.,.,.,.,.,.,.,.,.,.,.,.,.,.,.,.
Veterans Health,7659720,.,.,7038566,.,7035225,.,3357910,.,3355995,.,2916032,.,2914611,.,3305340,3729580,624800,0,250045,3621450,3166788,283,1429952,1254824,231244,12,1429891,1253505,231203,12,.,.,.,.,0,2722306,0,3357910,1650430,0,1488791,0,813392,599310,76088,1,3733518,0,0,3357791,0,2915958,0,1429930,1254779,231237,12,7038374,0,0,3357806,0,2915962,0,1429930,1254782,231238,12,7038393,0,0,984163,33.8,984127,33.8,905107,39.4,664734,44.6,515956,450340,17867,0,.,.,.,.,.,.,.,.,.,.,.,.,.,.,.,.,.,.,.,.,.,.,.,.,.,.,.,.,.,.,.,.,.,.,.,.,.,.,.,.
Virgin Islands,136960,128855,168035,133349,125458,125802,154345,64391,60.6,60196,73.9,54287,51.1,51053,62.6,97920,36540,2500,0,2143,39755,91451,0,15179,37158,1945,5,15151,33959,1938,5,.,60.6,.,73.9,49.4,49298,60.5,64391,17430,85.1,14979,73.1,5935,8506,534,4,37839,184779,668815,63473,71,53754,60.1,15171,36636,1942,5,131917,147517,153156,64330,64.6,54262,54.5,15172,37143,1942,5,133263,133766,137477,13627,25.1,13500,26.4,10533,34,6088,40.6,4727,8776,122,2,.,.,.,.,.,.,.,.,.,.,.,.,.,.,.,.,.,.,.,.,.,.,.,.,.,.,.,.,.,.,.,.,.,.,.,.,.,.,.,.
Vermont,1477810,236833,289776,1286323,206145,1165432,228523,564559,90.5,503138,95,488609,78.3,435872,85.5,828110,579700,70000,0,51701,505890,727852,880,173785,268227,46332,265,173723,215648,46253,248,.,90.5,.,95,74.1,409744,80.3,564559,140799,95,125017,95,60378,61887,2597,155,368465,294680,1181880,538527,95,467465,84.8,173768,247117,46315,265,1238677,224826,268229,564434,94.9,488598,82.1,173784,268222,46327,265,1286207,216189,248394,258823,53,252243,57.9,167751,68.1,94975,76,114167,140642,3998,16,.,.,.,.,.,.,.,.,.,.,.,.,.,.,.,.,.,.,.,.,.,.,.,.,.,.,.,.,.,.,.,.,.,.,.,.,.,.,.,.
Washington,15743355,206744,264513,12929578,169793,11792322,198129,5829721,76.6,5233964,87.9,5220644,68.6,4718208,79.3,9332235,5682720,728400,0,464745,4880678,7574460,9695,1828257,2954250,434895,3242,1827456,2453036,434552,3164,.,76.6,.,87.9,64.5,4410457,74.1,5829721,1209335,95,1110489,91.8,505883,545266,57768,1572,3072027,253945,1301400,5620108,86.5,5067158,77.9,1828178,2800888,434857,3235,12565567,193289,242171,5828948,81.4,5220521,72.9,1828233,2954178,434869,3241,12928665,180608,219928,2190445,42,2158779,45.8,1350571,59.5,773498,69.7,984661,1175987,29232,565,.,.,.,.,.,.,.,.,.,.,.,.,.,.,.,.,.,.,.,.,.,.,.,.,.,.,.,.,.,.,.,.,.,.,.,.,.,.,.,.
Wisconsin,10440725,179319,229172,9363442,160817,8623570,189286,4023611,69.1,3637069,79.8,3644539,62.6,3320718,72.9,6110685,3880640,449400,0,326229,3625375,5409912,1926,1301071,2049152,293673,643,1300705,1725946,293454,613,.,69.1,.,79.8,59.4,3136400,68.8,4023611,1023854,95,953328,93.7,458111,464678,30270,269,2748013,270143,1026380,3888340,77.8,3542714,70.9,1301033,1947394,293645,642,9125122,182510,208823,4023290,73.3,3644492,66.4,1301061,2049131,293657,643,9363085,170488,190110,1761647,48.3,1741582,52.4,1207666,64.7,716467,75.2,757475,979979,24125,68,.,.,.,.,.,.,.,.,.,.,.,.,.,.,.,.,.,.,.,.,.,.,.,.,.,.,.,.,.,.,.,.,.,.,.,.,.,.,.,.
West Virginia,3641325,203182,254180,2539993,141729,2388597,166734,1121546,62.6,1040630,72.6,994710,55.5,928888,64.8,2061145,1422880,157300,0,64797,1100150,1373402,1644,411831,523451,58977,451,411372,458195,58903,418,.,62.6,.,72.6,53,883384,61.7,1121546,335361,91.4,304691,83,155899,139113,9488,191,837637,228232,992157,1099134,70.6,979917,62.9,411734,508778,58958,447,2502976,160670,233742,1121145,66,994476,58.5,411754,523311,58960,451,2539289,149447,214306,399234,40.1,395545,42.6,298091,52.9,187313,61.5,190255,204727,4191,61,.,.,.,.,.,.,.,.,.,.,.,.,.,.,.,.,.,.,.,.,.,.,.,.,.,.,.,.,.,.,.,.,.,.,.,.,.,.,.,.
Wyoming,886065,153097,199105,697977,120599,652867,146703,327176,56.5,301954,67.9,277945,48,258827,58.2,449345,389520,47200,0,28169,308810,360382,616,114099,138390,25341,115,114078,119319,25317,113,.,56.5,.,67.9,44.5,238467,53.6,327176,91334,92.1,81724,82.4,41636,36193,3841,54,218861,220673,893400,319866,65.2,273406,55.7,114098,133855,25338,115,686177,139830,180564,327146,60.2,277940,51.1,114098,138388,25339,115,697943,128339,162931,105336,37.9,104521,40.4,78818,52.6,51239,62.7,49633,54203,1462,38,.,.,.,.,.,.,.,.,.,.,.,.,.,.,.,.,.,.,.,.,.,.,.,.,.,.,.,.,.,.,.,.,.,.,.,.,.,.,.,.